"","id","participant","persistence","anonymity","topic","repetition","group","expressions"
"1","1",1,0,0,1,1,1,-0.826453810742332
"2","2",2,0,0,1,1,1,-0.0163566757779178
"3","3",3,0,0,1,1,1,-1.03562861241005
"4","4",4,0,0,1,1,1,1.39528080213779
"5","5",5,0,0,1,1,1,0.12950777181536
"6","6",6,0,0,1,1,1,-1.02046838411802
"7","7",7,0,0,1,1,1,0.287429052428485
"8","8",8,0,0,1,1,1,0.538324705129217
"9","9",9,0,0,1,1,1,0.375781351653492
"10","10",10,0,0,1,1,1,-0.505388387156356
"11","11",11,0,0,1,1,1,1.31178116845085
"12","12",12,0,0,1,1,1,0.189843236411431
"13","13",13,0,0,1,1,1,-0.821240580541804
"14","14",14,0,0,1,1,1,-2.4146998871775
"15","15",15,0,0,1,1,1,0.924930918143108
"16","16",16,0,0,1,1,1,-0.244933609015231
"17","17",17,0,0,1,1,1,-0.216190263098946
"18","18",18,0,0,1,1,1,0.743836210685299
"19","19",19,0,0,1,1,1,0.621221195098089
"20","20",20,0,0,1,1,1,0.393901321217509
"21","21",1,1,0,1,1,2,0.518977371608218
"22","22",2,1,0,1,1,2,0.382136300731067
"23","23",3,1,0,1,1,2,-0.325435016634809
"24","24",4,1,0,1,1,2,-2.38935169586337
"25","25",5,1,0,1,1,2,0.21982574789471
"26","26",6,1,0,1,1,2,-0.456128739529001
"27","27",7,1,0,1,1,2,-0.555795506705329
"28","28",8,1,0,1,1,2,-1.87075238389927
"29","29",9,1,0,1,1,2,-0.87815005510862
"30","30",10,1,0,1,1,2,0.0179415601997024
"31","31",11,1,0,1,1,2,0.958679551529044
"32","32",12,1,0,1,1,2,-0.502787727342995
"33","33",13,1,0,1,1,2,-0.0123283884406309
"34","34",14,1,0,1,1,2,-0.453805040582905
"35","35",15,1,0,1,1,2,-1.77705955682861
"36","36",16,1,0,1,1,2,-0.81499456329968
"37","37",17,1,0,1,1,2,-0.794289953710349
"38","38",18,1,0,1,1,2,-0.459313396711186
"39","39",19,1,0,1,1,2,0.700025371983883
"40","40",20,1,0,1,1,2,0.363175748457544
"41","41",1,0,1,1,1,3,-0.164523596253587
"42","42",2,0,1,1,1,3,-0.253361680136508
"43","43",3,0,1,1,1,3,0.696963375404737
"44","44",4,0,1,1,1,3,0.556663198673657
"45","45",5,0,1,1,1,3,-0.68875569454952
"46","46",6,0,1,1,1,3,-0.70749515696212
"47","47",7,0,1,1,1,3,0.36458196213683
"48","48",8,0,1,1,1,3,0.768532924515416
"49","49",9,0,1,1,1,3,-0.112346212150228
"50","50",10,0,1,1,1,3,0.881107726454215
"51","51",11,0,1,1,1,3,0.398105880367068
"52","52",12,0,1,1,1,3,-0.612026393250771
"53","53",13,0,1,1,1,3,0.341119691424425
"54","54",14,0,1,1,1,3,-1.12936309608079
"55","55",15,0,1,1,1,3,1.43302370170104
"56","56",16,0,1,1,1,3,1.98039989850586
"57","57",17,0,1,1,1,3,-0.367221476466509
"58","58",18,0,1,1,1,3,-1.04413462631653
"59","59",19,0,1,1,1,3,0.569719627442413
"60","60",20,0,1,1,1,3,-0.135054603880824
"61","61",1,1,1,1,1,4,2.20161776050478
"62","62",2,1,1,1,1,4,-0.239240002733169
"63","63",3,1,1,1,1,4,0.489739362450777
"64","64",4,1,1,1,1,4,-0.171997841219334
"65","65",5,1,1,1,1,4,-0.943273208882405
"66","66",6,1,1,1,1,4,-0.0112077004856571
"67","67",7,1,1,1,1,4,-2.00495862889104
"68","68",8,1,1,1,1,4,1.26555486156289
"69","69",9,1,1,1,1,4,-0.0467466617881023
"70","70",10,1,1,1,1,4,1.97261167036215
"71","71",11,1,1,1,1,4,0.275509528899663
"72","72",12,1,1,1,1,4,-0.909946430921815
"73","73",13,1,1,1,1,4,0.410726353489055
"74","74",14,1,1,1,1,4,-1.13409763164425
"75","75",15,1,1,1,1,4,-1.4536334002391
"76","76",16,1,1,1,1,4,0.0914462355174628
"77","77",17,1,1,1,1,4,-0.643291873218433
"78","78",18,1,1,1,1,4,-0.198894648368376
"79","79",19,1,1,1,1,4,-0.125658675848336
"80","80",20,1,1,1,1,4,-0.789520946188072
"81","81",1,0,0,2,1,5,-0.768668732818502
"82","82",2,0,0,2,1,5,-0.335178615123832
"83","83",3,0,0,2,1,5,0.978086996573204
"84","84",4,0,0,2,1,5,-1.72356680042976
"85","85",5,0,0,2,1,5,0.393946187628422
"86","86",6,0,0,2,1,5,0.132950371213518
"87","87",7,0,0,2,1,5,0.863099837276363
"88","88",8,0,0,2,1,5,-0.504183923634301
"89","89",9,0,0,2,1,5,0.170018809916288
"90","90",10,0,0,2,1,5,0.067098790772231
"91","91",11,0,0,2,1,5,-0.74252003099165
"92","92",12,0,0,2,1,5,1.00786780598317
"93","93",13,0,0,2,1,5,0.960402615694952
"94","94",14,0,0,2,1,5,0.500213649514998
"95","95",15,0,0,2,1,5,1.38683345454085
"96","96",16,0,0,2,1,5,0.358486425565304
"97","97",17,0,0,2,1,5,-1.47659220845804
"98","98",18,0,0,2,1,5,-0.773265414236886
"99","99",19,0,0,2,1,5,-1.42461261489836
"100","100",20,0,0,2,1,5,-0.673400636439312
"101","101",1,1,0,2,1,6,-1.02036667722412
"102","102",2,1,0,2,1,6,-0.357884126855765
"103","103",3,1,0,2,1,6,-1.31092164855245
"104","104",4,1,0,2,1,6,-0.241971227595925
"105","105",5,1,0,2,1,6,-1.05458464391882
"106","106",6,1,0,2,1,6,1.36728726937265
"107","107",7,1,0,2,1,6,0.316707476017206
"108","108",8,1,0,2,1,6,0.510174229495227
"109","109",9,1,0,2,1,6,-0.0158146421736554
"110","110",10,1,0,2,1,6,1.28217608051942
"111","111",11,1,0,2,1,6,-1.03573645394898
"112","112",12,1,0,2,1,6,-0.861644730360566
"113","113",13,1,0,2,1,6,1.03228223854166
"114","114",14,1,0,2,1,6,-1.05069635331037
"115","115",15,1,0,2,1,6,-0.607380743601965
"116","116",16,1,0,2,1,6,-0.792807929441984
"117","117",17,1,0,2,1,6,-0.719992868548507
"118","118",18,1,0,2,1,6,-0.679113302976559
"119","119",19,1,0,2,1,6,0.094188331267827
"120","120",20,1,0,2,1,6,-0.577330482269606
"121","121",1,0,1,2,1,7,-0.505957462114257
"122","122",2,0,1,2,1,7,1.34303882517041
"123","123",3,0,1,2,1,7,-0.214579408546869
"124","124",4,0,1,2,1,7,-0.179556530043387
"125","125",5,0,1,2,1,7,-0.100190741213562
"126","126",6,0,1,2,1,7,0.712666307051405
"127","127",7,0,1,2,1,7,-0.0735644041263263
"128","128",8,0,1,2,1,7,-0.0376341714670479
"129","129",9,0,1,2,1,7,-0.681660478755657
"130","130",10,0,1,2,1,7,-0.324270272246319
"131","131",11,0,1,2,1,7,0.0601604404345152
"132","132",12,0,1,2,1,7,-0.588894486259664
"133","133",13,0,1,2,1,7,0.531496192632572
"134","134",14,0,1,2,1,7,-1.51839408178679
"135","135",15,0,1,2,1,7,0.306557860789766
"136","136",16,0,1,2,1,7,-1.53644982353759
"137","137",17,0,1,2,1,7,-0.300976126836611
"138","138",18,0,1,2,1,7,-0.528279904445006
"139","139",19,0,1,2,1,7,-0.652094780680999
"140","140",20,0,1,2,1,7,-0.0568967778473925
"141","141",1,1,1,2,1,8,-2.11435942568001
"142","142",2,1,1,2,1,8,0.976583312018563
"143","143",3,1,1,2,1,8,-1.864972436212
"144","144",4,1,1,2,1,8,-0.663530401472386
"145","145",5,1,1,2,1,8,-1.31592010504285
"146","146",6,1,1,2,1,8,-0.950819001193448
"147","147",7,1,1,2,1,8,1.88716654562835
"148","148",8,1,1,2,1,8,-0.182604380306748
"149","149",9,1,1,2,1,8,-1.48630053043433
"150","150",10,1,1,2,1,8,-1.84060553441858
"151","151",11,1,1,2,1,8,0.250187101272656
"152","152",12,1,1,2,1,8,-0.218559832714638
"153","153",13,1,1,2,1,8,-0.518068374543844
"154","154",14,1,1,2,1,8,-1.1293621474537
"155","155",15,1,1,2,1,8,-1.68746031014148
"156","156",16,1,1,2,1,8,-1.27519229661568
"157","157",17,1,1,2,1,8,0.800028803713914
"158","158",18,1,1,2,1,8,-0.821266694796823
"159","159",19,1,1,2,1,8,-1.58442684738449
"160","160",20,1,1,2,1,8,1.66929062242358
"161","161",1,0,0,3,1,9,0.225100377372448
"162","162",2,0,0,3,1,9,-0.438647100913033
"163","163",3,0,0,3,1,9,0.85848304870902
"164","164",4,0,0,3,1,9,0.686422651374936
"165","165",5,0,0,3,1,9,-0.819243048231147
"166","166",6,0,0,3,1,9,2.00610246454047
"167","167",7,0,0,3,1,9,-0.455027030141015
"168","168",8,0,0,3,1,9,-1.62449465021281
"169","169",9,0,0,3,1,9,-0.344399601954219
"170","170",10,0,0,3,1,9,0.00753833923234476
"171","171",11,0,0,3,1,9,2.10797839905936
"172","172",12,0,0,3,1,9,-0.0941976321062886
"173","173",13,0,0,3,1,9,0.256998805423414
"174","174",14,0,0,3,1,9,-0.277152935356531
"175","175",15,0,0,3,1,9,-0.534000842366545
"176","176",16,0,0,3,1,9,-0.234726028311276
"177","177",17,0,0,3,1,9,0.587639605630162
"178","178",18,0,0,3,1,9,1.87524500865228
"179","179",19,0,0,3,1,9,0.827392438763768
"180","180",20,0,0,3,1,9,1.0079083983867
"181","181",1,1,0,3,1,10,-1.63132342155804
"182","182",2,1,0,3,1,10,0.583895570053379
"183","183",3,1,0,3,1,10,-0.180075196339349
"184","184",4,1,0,3,1,10,-1.86725002909224
"185","185",5,1,0,3,1,10,0.121022742648139
"186","186",6,1,0,3,1,10,-0.558754604716016
"187","187",7,1,0,3,1,10,1.0645873119698
"188","188",8,1,0,3,1,10,-1.16608199960466
"189","189",9,1,0,3,1,10,-0.830211753928547
"190","190",10,1,0,3,1,10,-1.32610949737744
"191","191",11,1,0,3,1,10,-0.57710396143654
"192","192",12,1,0,3,1,10,0.00201177948633785
"193","193",13,1,0,3,1,10,-1.13174817311961
"194","194",14,1,0,3,1,10,0.430373167981674
"195","195",15,1,0,3,1,10,-1.60808278630447
"196","196",16,1,0,3,1,10,-1.44798441280774
"197","197",17,1,0,3,1,10,1.04115770684428
"198","198",18,1,0,3,1,10,-1.41584746530465
"199","199",19,1,0,3,1,10,0.0119747123175148
"200","200",20,1,0,3,1,10,-0.78107605110892
"201","201",1,0,1,3,1,11,0.409401839650934
"202","202",2,0,1,3,1,11,1.68887328620405
"203","203",3,0,1,3,1,11,1.58658843344197
"204","204",4,0,1,3,1,11,-0.330907800682766
"205","205",5,0,1,3,1,11,-2.28523553529247
"206","206",6,0,1,3,1,11,2.49766158983416
"207","207",7,0,1,3,1,11,0.667066166765493
"208","208",8,0,1,3,1,11,0.5413273359637
"209","209",9,0,1,3,1,11,-0.0133995231459087
"210","210",10,0,1,3,1,11,0.510108422952926
"211","211",11,0,1,3,1,11,-0.164375831769667
"212","212",12,0,1,3,1,11,0.420694643254513
"213","213",13,0,1,3,1,11,-0.400246743977644
"214","214",14,0,1,3,1,11,-1.37020787754746
"215","215",15,0,1,3,1,11,0.987838267454879
"216","216",16,0,1,3,1,11,1.51974502549955
"217","217",17,0,1,3,1,11,-0.308740569225614
"218","218",18,0,1,3,1,11,-1.25328975560769
"219","219",19,0,1,3,1,11,0.642241305677824
"220","220",20,0,1,3,1,11,-0.0447091368939791
"221","221",1,1,1,3,1,12,-1.93321840682484
"222","222",2,1,1,3,1,12,-0.19786814031973
"223","223",3,1,1,3,1,12,-0.830300333928146
"224","224",4,1,1,3,1,12,-0.540968579860405
"225","225",5,1,1,3,1,12,-1.35657236263585
"226","226",6,1,1,3,1,12,1.60314190791747
"227","227",7,1,1,3,1,12,-0.531132036391221
"228","228",8,1,1,3,1,12,-1.80551341225308
"229","229",9,1,1,3,1,12,-0.00280656126051926
"230","230",10,1,1,3,1,12,0.0631756464054737
"231","231",11,1,1,3,1,12,-1.18582670040929
"232","232",12,1,1,3,1,12,-3.08892067167955
"233","233",13,1,1,3,1,12,-0.840481702565115
"234","234",14,1,1,3,1,12,0.370507635920485
"235","235",15,1,1,3,1,12,-0.25972327604261
"236","236",16,1,1,3,1,12,-0.298178744005234
"237","237",17,1,1,3,1,12,0.360820728620116
"238","238",18,1,1,3,1,12,-1.38645863857947
"239","239",19,1,1,3,1,12,0.896777044274243
"240","240",20,1,1,3,1,12,-0.205344028278166
"241","241",1,0,0,1,2,13,0.507310667398079
"242","242",2,0,0,1,2,13,0.834107734737462
"243","243",3,0,0,1,2,13,0.0234804149153044
"244","244",4,0,0,1,2,13,-1.07870761286602
"245","245",5,0,0,1,2,13,0.96296455596733
"246","246",6,0,0,1,2,13,-2.20016494478548
"247","247",7,0,0,1,2,13,-0.744790740001725
"248","248",8,0,0,1,2,13,-0.455670709156989
"249","249",9,0,0,1,2,13,-0.366121036765006
"250","250",10,0,0,1,2,13,0.820463908784108
"251","251",11,0,0,1,2,13,-0.0637781068972224
"252","252",12,0,0,1,2,13,0.207167603423836
"253","253",13,0,0,1,2,13,-0.269654813012905
"254","254",14,0,0,1,2,13,-0.447664341619331
"255","255",15,0,0,1,2,13,0.49555080661964
"256","256",16,0,0,1,2,13,0.946228357215801
"257","257",17,0,0,1,2,13,-2.60309621489187
"258","258",18,0,0,1,2,13,0.37273955524584
"259","259",19,0,0,1,2,13,0.174724406778655
"260","260",20,0,0,1,2,13,-0.625267721556076
"261","261",1,1,0,1,2,14,0.551012807576816
"262","262",2,1,0,1,2,14,-0.789237181718379
"263","263",3,1,0,1,2,14,-0.684330661799573
"264","264",4,1,0,1,2,14,0.457409778079803
"265","265",5,1,0,1,2,14,1.3196272991206
"266","266",6,1,0,1,2,14,-0.129945099062771
"267","267",7,1,0,1,2,14,-0.82218400978764
"268","268",8,1,0,1,2,14,-1.58911329485958
"269","269",9,1,0,1,2,14,-0.73103297887901
"270","270",10,1,0,1,2,14,-1.33982932651002
"271","271",11,1,0,1,2,14,-0.658932583118785
"272","272",12,1,0,1,2,14,-0.00562083177842787
"273","273",13,1,0,1,2,14,-1.25185709202386
"274","274",14,1,0,1,2,14,2.24916688109488
"275","275",15,1,0,1,2,14,-0.243988324334921
"276","276",16,1,0,1,2,14,0.730207267454943
"277","277",17,1,0,1,2,14,-2.68912397984011
"278","278",18,1,0,1,2,14,0.341001157195439
"279","279",19,1,0,1,2,14,-1.71624516045156
"280","280",20,1,0,1,2,14,0.519803677609141
"281","281",1,0,1,1,2,15,0.398130155451956
"282","282",2,0,1,1,2,15,-0.407528579269772
"283","283",3,0,1,1,2,15,1.32425863017727
"284","284",4,0,1,1,2,15,-0.70123166924692
"285","285",5,0,1,1,2,15,-0.580614304240536
"286","286",6,0,1,1,2,15,-1.00107218102542
"287","287",7,0,1,1,2,15,-0.668178606753393
"288","288",8,0,1,1,2,15,0.945184953373082
"289","289",9,0,1,1,2,15,0.433702149545162
"290","290",10,0,1,1,2,15,1.00515921767704
"291","291",11,0,1,1,2,15,-0.390118664053679
"292","292",12,0,1,1,2,15,0.376370291774648
"293","293",13,0,1,1,2,15,0.244164924486494
"294","294",14,0,1,1,2,15,-1.42625734238254
"295","295",15,0,1,1,2,15,1.77842928747545
"296","296",16,0,1,1,2,15,0.134447660933676
"297","297",17,0,1,1,2,15,0.765598999157864
"298","298",18,0,1,1,2,15,0.955136676908982
"299","299",19,0,1,1,2,15,-0.0505657014422701
"300","300",20,0,1,1,2,15,-0.305815419766971
"301","301",1,1,1,1,2,16,0.693673702425513
"302","302",2,1,1,1,2,16,-1.2472981490613
"303","303",3,1,1,1,2,16,1.77133738622415
"304","304",4,1,1,1,2,16,-0.583632106288362
"305","305",5,1,1,1,2,16,1.45414530227499
"306","306",6,1,1,1,2,16,1.31221269395063
"307","307",7,1,1,1,2,16,-0.117034266414086
"308","308",8,1,1,1,2,16,0.3672209148515
"309","309",9,1,1,1,2,16,-1.22454847953446
"310","310",10,1,1,1,2,16,0.123006503022436
"311","311",11,1,1,1,2,16,0.843612458356183
"312","312",12,1,1,1,2,16,-0.100921513102802
"313","313",13,1,1,1,2,16,-0.65413690915436
"314","314",14,1,1,1,2,16,-0.85578185245044
"315","315",15,1,1,1,2,16,-0.235922422622511
"316","316",16,1,1,1,2,16,0.869161460676796
"317","317",17,1,1,1,2,16,-0.683974930301277
"318","318",18,1,1,1,2,16,-0.321010111327444
"319","319",19,1,1,1,2,16,-1.49414000382084
"320","320",20,1,1,1,2,16,0.294312836014856
"321","321",1,0,0,2,2,17,1.10790152011415
"322","322",2,0,0,2,2,17,1.29704100940278
"323","323",3,0,0,2,2,17,0.614702730897356
"324","324",4,0,0,2,2,17,-2.06978879020261
"325","325",5,0,0,2,2,17,0.28202950412376
"326","326",6,0,0,2,2,17,0.256135603301202
"327","327",7,0,0,2,2,17,-0.553400285829911
"328","328",8,0,0,2,2,17,-0.0295105290520181
"329","329",9,0,0,2,2,17,-1.0640359541269
"330","330",10,0,0,2,2,17,0.479230774015656
"331","331",11,0,0,2,2,17,-0.527101014653104
"332","332",12,0,0,2,2,17,-1.76908218514395
"333","333",13,0,0,2,2,17,-0.567450756170482
"334","334",14,0,0,2,2,17,1.16443492906985
"335","335",15,0,0,2,2,17,-0.534281364731164
"336","336",16,0,0,2,2,17,0.532750042209102
"337","337",17,0,0,2,2,17,0.746585640197786
"338","338",18,0,0,2,2,17,-0.195601295673626
"339","339",19,0,0,2,2,17,-0.552322305549849
"340","340",20,0,0,2,2,17,-0.729695509133504
"341","341",1,1,0,2,2,18,0.339589225574796
"342","342",2,1,0,2,2,18,-1.46345741548281
"343","343",3,1,0,2,2,18,-0.1537891564636
"344","344",4,1,0,2,2,18,-0.689499366564312
"345","345",5,1,0,2,2,18,-2.66488935648794
"346","346",6,1,0,2,2,18,-1.80885045607319
"347","347",7,1,0,2,2,18,0.516019328792574
"348","348",8,1,0,2,2,18,-0.5912789505352
"349","349",9,1,0,2,2,18,0.403283216133647
"350","350",10,1,0,2,2,18,1.4874744633086
"351","351",11,1,0,2,2,18,1.07388118110914
"352","352",12,1,0,2,2,18,0.277268492312998
"353","353",13,1,0,2,2,18,-0.0200373134332554
"354","354",14,1,0,2,2,18,-0.592798426457334
"355","355",15,1,0,2,2,18,1.1778917949044
"356","356",16,1,0,2,2,18,0.196234109318454
"357","357",17,1,0,2,2,18,-1.57357694087136
"358","358",18,1,0,2,2,18,-0.555642534890318
"359","359",19,1,0,2,2,18,-2.31890982026984
"360","360",20,1,0,2,2,18,-0.595258846110637
"361","361",1,0,1,2,2,19,-2.59232766994599
"362","362",2,0,1,2,2,19,1.31400216719805
"363","363",3,0,1,2,2,19,-0.635543001032135
"364","364",4,0,1,2,2,19,-0.429978838694188
"365","365",5,0,1,2,2,19,-0.169318332301963
"366","366",6,0,1,2,2,19,0.612218173989128
"367","367",7,0,1,2,2,19,0.6783401772227
"368","368",8,0,1,2,2,19,0.567951972471672
"369","369",9,0,1,2,2,19,-0.572542603926126
"370","370",10,0,1,2,2,19,-1.36329125627834
"371","371",11,0,1,2,2,19,-0.388722244337901
"372","372",12,0,1,2,2,19,0.277914132450543
"373","373",13,0,1,2,2,19,-0.823081121572025
"374","374",14,0,1,2,2,19,-0.0688409344784646
"375","375",15,0,1,2,2,19,-1.1676623261298
"376","376",16,0,1,2,2,19,-0.0083090142156068
"377","377",17,0,1,2,2,19,0.128855401597405
"378","378",18,0,1,2,2,19,-0.145875628461003
"379","379",19,0,1,2,2,19,-0.163910956736068
"380","380",20,0,1,2,2,19,1.76355200278492
"381","381",1,1,1,2,2,20,0.562586512418318
"382","382",2,1,1,2,2,20,0.911431080730634
"383","383",3,1,1,2,2,20,-1.12320695282983
"384","384",4,1,1,2,2,20,-0.0356581615720441
"385","385",5,1,1,2,2,20,0.954825187097273
"386","386",6,1,1,2,2,20,-0.25652142452649
"387","387",7,1,1,2,2,20,-2.32936064823465
"388","388",8,1,1,2,2,20,0.144845762099456
"389","389",9,1,1,2,2,20,-2.10495544558553
"390","390",10,1,1,2,2,20,-1.01117015314022
"391","391",11,1,1,2,2,20,1.1240043212996
"392","392",12,1,1,2,2,20,0.415636849302674
"393","393",13,1,1,2,2,20,0.891668955535361
"394","394",14,1,1,2,2,20,0.106604861513632
"395","395",15,1,1,2,2,20,-0.310158762482857
"396","396",16,1,1,2,2,20,-1.12431277312728
"397","397",17,1,1,2,2,20,1.3929137537192
"398","398",18,1,1,2,2,20,-0.15498940187812
"399","399",19,1,1,2,2,20,-0.915128400667883
"400","400",20,1,1,2,2,20,0.665223099717138
"401","401",1,0,0,3,2,21,0.8744409582779
"402","402",2,0,0,3,2,21,1.69565477419858
"403","403",3,0,0,3,2,21,-0.802997303605094
"404","404",4,0,0,3,2,21,-0.590867820723137
"405","405",5,0,0,3,2,21,-0.616222031530192
"406","406",6,0,0,3,2,21,-0.575657422820391
"407","407",7,0,0,3,2,21,-0.566630945702358
"408","408",8,0,0,3,2,21,-0.495677452700886
"409","409",9,0,0,3,2,21,1.24182041019987
"410","410",10,0,0,3,2,21,-0.897538291913041
"411","411",11,0,0,3,2,21,-0.58816750592136
"412","412",12,0,0,3,2,21,0.452536452171517
"413","413",13,0,0,3,2,21,0.924772446535129
"414","414",14,0,0,3,2,21,-0.972110803023928
"415","415",15,0,0,3,2,21,-0.708086216138287
"416","416",16,0,0,3,2,21,0.323620590498017
"417","417",17,0,0,3,2,21,0.81775422653797
"418","418",18,0,0,3,2,21,-0.451164588087978
"419","419",19,0,0,3,2,21,-1.62999344738861
"420","420",20,0,0,3,2,21,1.50912103210088
"421","421",1,1,0,3,2,22,1.03506957231162
"422","422",2,1,0,3,2,22,-1.11037114584988
"423","423",3,1,0,3,2,22,-0.465067573655584
"424","424",4,1,0,3,2,22,-2.15946873536593
"425","425",5,1,0,3,2,22,0.169722971819101
"426","426",6,1,0,3,2,22,1.21234679820178
"427","427",7,1,0,3,2,22,-2.03728064710472
"428","428",8,1,0,3,2,22,-1.17956851320175
"429","429",9,1,0,3,2,22,-1.04117693375056
"430","430",10,1,0,3,2,22,-1.08113139357116
"431","431",11,1,0,3,2,22,-2.43328559561795
"432","432",12,1,0,3,2,22,0.100963559247907
"433","433",13,1,0,3,2,22,-1.93179813996574
"434","434",14,1,0,3,2,22,-0.424997639278264
"435","435",15,1,0,3,2,22,0.192984721025293
"436","436",16,1,0,3,2,22,-0.59819542148464
"437","437",17,1,0,3,2,22,0.492008392473526
"438","438",18,1,0,3,2,22,-0.425715070918154
"439","439",19,1,0,3,2,22,-1.04766045058567
"440","440",20,1,0,3,2,22,0.24635941503464
"441","441",1,0,1,3,2,23,-0.433832740029588
"442","442",2,0,1,3,2,23,1.7726111849785
"443","443",3,0,1,3,2,23,-0.0182597111630101
"444","444",4,0,1,3,2,23,0.852814993600531
"445","445",5,0,1,3,2,23,0.205162903244026
"446","446",6,0,1,3,2,23,-3.00804859892048
"447","447",7,0,1,3,2,23,-1.36611193132898
"448","448",8,0,1,3,2,23,-0.424102260144812
"449","449",9,0,1,3,2,23,0.236803663745558
"450","450",10,0,1,3,2,23,-2.34272312035896
"451","451",11,0,1,3,2,23,0.961696633380712
"452","452",12,0,1,3,2,23,-0.60442573385444
"453","453",13,0,1,3,2,23,-0.752877279362913
"454","454",14,0,1,3,2,23,-1.55561159254425
"455","455",15,0,1,3,2,23,-1.45389373800106
"456","456",16,0,1,3,2,23,0.0563318360544103
"457","457",17,0,1,3,2,23,0.509369406673892
"458","458",18,0,1,3,2,23,-2.0978829597843
"459","459",19,0,1,3,2,23,-1.00436197944933
"460","460",20,0,1,3,2,23,0.535771722252592
"461","461",1,1,1,3,2,24,-0.653037084649918
"462","462",2,1,1,3,2,24,1.96536850181726
"463","463",3,1,1,3,2,24,1.04574667274811
"464","464",4,1,1,3,2,24,0.395498034069596
"465","465",5,1,1,3,2,24,-0.195115550461811
"466","466",6,1,1,3,2,24,0.0793607820552594
"467","467",7,1,1,3,2,24,-0.905906125267626
"468","468",8,1,1,3,2,24,0.428017152957251
"469","469",9,1,1,3,2,24,1.2802139600857
"470","470",10,1,1,3,2,24,0.883429910083283
"471","471",11,1,1,3,2,24,-1.01324425666409
"472","472",12,1,1,3,2,24,-1.81887684922359
"473","473",13,1,1,3,2,24,-0.309655699488241
"474","474",14,1,1,3,2,24,0.240889370916978
"475","475",15,1,1,3,2,24,1.1509939798086
"476","476",16,1,1,3,2,24,-1.51860948453356
"477","477",17,1,1,3,2,24,0.164384592607448
"478","478",18,1,1,3,2,24,0.0334998350885181
"479","479",19,1,1,3,2,24,0.993955261259052
"480","480",20,1,1,3,2,24,-0.227909972129577
"481","481",1,0,0,1,3,25,-0.557298854504253
"482","482",2,0,0,1,3,25,-1.34681413611837
"483","483",3,0,0,1,3,25,-0.717420483593623
"484","484",4,0,0,1,3,25,-0.562123772578272
"485","485",5,0,0,1,3,25,2.1505543257891
"486","486",6,0,0,1,3,25,2.24653137569996
"487","487",7,0,0,1,3,25,-0.366703279484276
"488","488",8,0,0,1,3,25,-1.24366743906189
"489","489",9,0,0,1,3,25,-2.17293493407467
"490","490",10,0,0,1,3,25,0.314671633438029
"491","491",11,0,0,1,3,25,-1.29057358373486
"492","492",12,0,0,1,3,25,2.08465932554436
"493","493",13,0,0,1,3,25,-1.08561757265796
"494","494",14,0,0,1,3,25,-0.0888935702542782
"495","495",15,0,0,1,3,25,3.61027668071066
"496","496",16,0,0,1,3,25,-1.30890999794325
"497","497",17,0,0,1,3,25,0.107566624421454
"498","498",18,0,0,1,3,25,-1.30689447222516
"499","499",19,0,0,1,3,25,0.14765364882196
"500","500",20,0,0,1,3,25,-1.07326453506204
"501","501",1,1,0,1,3,26,-0.322696877263076
"502","502",2,1,0,1,3,26,-0.696868642156621
"503","503",3,1,0,1,3,26,-1.58324224043267
"504","504",4,1,0,1,3,26,-0.3887073115761
"505","505",5,1,0,1,3,26,0.591601036059367
"506","506",6,1,0,1,3,26,1.19396745390374
"507","507",7,1,0,1,3,26,-1.77271127092917
"508","508",8,1,0,1,3,26,-0.649610933042319
"509","509",9,1,0,1,3,26,0.759424526855553
"510","510",10,1,0,1,3,26,-1.5142223478436
"511","511",11,1,0,1,3,26,-2.92850068885039
"512","512",12,1,0,1,3,26,-1.33590255851331
"513","513",13,1,0,1,3,26,-1.36723945793557
"514","514",14,1,0,1,3,26,-0.352511407672204
"515","515",15,1,0,1,3,26,-0.803736793498034
"516","516",16,1,0,1,3,26,-0.168503871755367
"517","517",17,1,0,1,3,26,-0.822372407926746
"518","518",18,1,0,1,3,26,-0.0258816053047021
"519","519",19,1,0,1,3,26,-0.766005774997015
"520","520",20,1,0,1,3,26,0.790101446521063
"521","521",1,0,1,1,3,27,-0.737327525257229
"522","522",2,0,1,1,3,27,0.290666645439266
"523","523",3,0,1,1,3,27,-0.884849568284455
"524","524",4,0,1,1,3,27,0.208006478870832
"525","525",5,0,1,1,3,27,-0.0477301724785263
"526","526",6,0,1,1,3,27,-1.68452064613859
"527","527",7,0,1,1,3,27,-0.144226556618951
"528","528",8,0,1,1,3,27,1.18021366550265
"529","529",9,0,1,1,3,27,0.681399923199504
"530","530",10,0,1,1,3,27,0.143247630887551
"531","531",11,0,1,1,3,27,-1.19231644371292
"532","532",12,0,1,1,3,27,1.16922865278909
"533","533",13,0,1,1,3,27,0.0792017089453723
"534","534",14,0,1,1,3,27,-0.451773752768677
"535","535",15,0,1,1,3,27,1.64202821280077
"536","536",16,0,1,1,3,27,-0.769592321599518
"537","537",17,0,1,1,3,27,0.303360960757848
"538","538",18,0,1,1,3,27,1.28173742118351
"539","539",19,0,1,1,3,27,0.602222795170429
"540","540",20,0,1,1,3,27,-0.307022264536836
"541","541",1,1,1,1,3,28,-0.618418103422641
"542","542",2,1,1,1,3,28,0.155135530046085
"543","543",3,1,1,1,3,28,0.313481114599557
"544","544",4,1,1,1,3,28,-0.18139259967126
"545","545",5,1,1,1,3,28,1.11844897225668
"546","546",6,1,1,1,3,28,-0.265831999838153
"547","547",7,1,1,1,3,28,-0.900296078317704
"548","548",8,1,1,1,3,28,0.337326131521341
"549","549",9,1,1,1,3,28,-2.40178232235392
"550","550",10,1,1,1,3,28,0.191973743798411
"551","551",11,1,1,1,3,28,0.296960952423719
"552","552",12,1,1,1,3,28,-0.424874715429902
"553","553",13,1,1,1,3,28,-1.31714316533188
"554","554",14,1,1,1,3,28,-0.594994603313877
"555","555",15,1,1,1,3,28,1.34983034223631
"556","556",16,1,1,1,3,28,-0.943514479798666
"557","557",17,1,1,1,3,28,-2.53171211772957
"558","558",18,1,1,1,3,28,0.612245442209214
"559","559",19,1,1,1,3,28,-0.701310657201351
"560","560",20,1,1,1,3,28,-0.710886565952357
"561","561",1,0,0,2,3,29,-1.41536404115501
"562","562",2,0,0,2,3,29,-0.222558628347222
"563","563",3,0,0,2,3,29,0.501239300429707
"564","564",4,0,0,2,3,29,-0.787482025589799
"565","565",5,0,0,2,3,29,-0.80672794141879
"566","566",6,0,0,2,3,29,0.896640215000293
"567","567",7,0,0,2,3,29,-0.447509677080296
"568","568",8,0,0,2,3,29,-0.359901713323247
"569","569",9,0,0,2,3,29,-0.825778250735075
"570","570",10,0,0,2,3,29,0.700434635600238
"571","571",11,0,0,2,3,29,-1.19419362926623
"572","572",12,0,0,2,3,29,0.649250385880362
"573","573",13,0,0,2,3,29,0.605702288976437
"574","574",14,0,0,2,3,29,-0.66760093599122
"575","575",15,0,0,2,3,29,0.648420313723343
"576","576",16,0,0,2,3,29,0.786769863596017
"577","577",17,0,0,2,3,29,0.37562028851936
"578","578",18,0,0,2,3,29,1.82484204541817
"579","579",19,0,0,2,3,29,-2.16235319122504
"580","580",20,0,0,2,3,29,-1.36492093063759
"581","581",1,1,0,2,3,30,-1.77651921373083
"582","582",2,1,0,2,3,30,-0.232320065530233
"583","583",3,1,0,2,3,30,1.18462907915972
"584","584",4,1,0,2,3,30,1.27788895297625
"585","585",5,1,0,2,3,30,0.0882966983949554
"586","586",6,1,0,2,3,30,0.478673262560324
"587","587",7,1,0,2,3,30,-0.544874874029881
"588","588",8,1,0,2,3,30,0.0689717600742081
"589","589",9,1,0,2,3,30,-0.0237645228705162
"590","590",10,1,0,2,3,30,-1.16104027505648
"591","591",11,1,0,2,3,30,-0.693294933750864
"592","592",12,1,0,2,3,30,-0.534841264407518
"593","593",13,1,0,2,3,30,0.99384581617302
"594","594",14,1,0,2,3,30,-1.43698868969829
"595","595",15,1,0,2,3,30,-2.51433514780366
"596","596",16,1,0,2,3,30,0.368278218204398
"597","597",17,1,0,2,3,30,-1.21616062075349
"598","598",18,1,0,2,3,30,-0.836106923160574
"599","599",19,1,0,2,3,30,0.504705031282809
"600","600",20,1,0,2,3,30,-1.16308626454832
"601","601",1,0,1,2,3,31,-0.341066979637804
"602","602",2,0,1,2,3,31,1.50242453423459
"603","603",3,0,1,2,3,31,0.5283077123164
"604","604",4,0,1,2,3,31,0.542191355464308
"605","605",5,0,1,2,3,31,-0.136673355717877
"606","606",6,0,1,2,3,31,-1.13673385330273
"607","607",7,0,1,2,3,31,-1.49662715435579
"608","608",8,0,1,2,3,31,-0.223385643556595
"609","609",9,0,1,2,3,31,2.00171922777288
"610","610",10,0,1,2,3,31,0.221703816213622
"611","611",11,0,1,2,3,31,0.164372909246388
"612","612",12,0,1,2,3,31,0.33262360885001
"613","613",13,0,1,2,3,31,-0.385207999091431
"614","614",14,0,1,2,3,31,-1.39875402655789
"615","615",15,0,1,2,3,31,2.67574079585182
"616","616",16,0,1,2,3,31,-0.423686088681983
"617","617",17,0,1,2,3,31,-0.298601511933064
"618","618",18,0,1,2,3,31,-1.79234172685298
"619","619",19,0,1,2,3,31,-0.248008225068098
"620","620",20,0,1,2,3,31,-0.247303918374605
"621","621",1,1,1,2,3,32,-0.455510378526346
"622","622",2,1,1,2,3,32,-1.98693810009257
"623","623",3,1,1,2,3,32,1.58466281602476
"624","624",4,1,1,2,3,32,1.56358634774588
"625","625",5,1,1,2,3,32,0.489600221934096
"626","626",6,1,1,2,3,32,-1.30074064442392
"627","627",7,1,1,2,3,32,0.514509356897811
"628","628",8,1,1,2,3,32,-0.446470316934022
"629","629",9,1,1,2,3,32,-0.519786165927205
"630","630",10,1,1,2,3,32,1.1626442929547
"631","631",11,1,1,2,3,32,-1.42788258998268
"632","632",12,1,1,2,3,32,-0.711219232750473
"633","633",13,1,1,2,3,32,-0.931194999064964
"634","634",14,1,1,2,3,32,-0.180247993123209
"635","635",15,1,1,2,3,32,-1.77286391470999
"636","636",16,1,1,2,3,32,-0.903333269828288
"637","637",17,1,1,2,3,32,0.515932088907665
"638","638",18,1,1,2,3,32,0.265214906423109
"639","639",19,1,1,2,3,32,-1.17390230640429
"640","640",20,1,1,2,3,32,0.359217730468333
"641","641",1,0,0,3,3,33,-2.63263974540567
"642","642",2,0,0,3,3,33,-0.540484926702145
"643","643",3,0,0,3,3,33,0.513033194850233
"644","644",4,0,0,3,3,33,-0.859037386489128
"645","645",5,0,0,3,3,33,-0.236402622566485
"646","646",6,0,0,3,3,33,-1.79328630152691
"647","647",7,0,0,3,3,33,0.64779279724777
"648","648",8,0,0,3,3,33,-2.05038884866061
"649","649",9,0,0,3,3,33,-0.523650631690314
"650","650",10,0,0,3,3,33,-0.455248112503172
"651","651",11,0,0,3,3,33,-0.13907877269325
"652","652",12,0,0,3,3,33,-1.02349162901888
"653","653",13,0,0,3,3,33,1.62973048483604
"654","654",14,0,0,3,3,33,-1.6299162157815
"655","655",15,0,0,3,3,33,0.0541371430045853
"656","656",16,0,0,3,3,33,-3.13977369533598
"657","657",17,0,0,3,3,33,-0.197584191056525
"658","658",18,0,0,3,3,33,0.309665571261936
"659","659",19,0,0,3,3,33,-1.28472000111396
"660","660",20,0,0,3,3,33,0.504832976877566
"661","661",1,1,0,3,3,34,-0.0690236500057879
"662","662",2,1,0,3,3,34,0.576327472976372
"663","663",3,1,0,3,3,34,-1.24333988039874
"664","664",4,1,0,3,3,34,-1.37057990486291
"665","665",5,1,0,3,3,34,-2.17153134864293
"666","666",6,1,0,3,3,34,-0.722470341645949
"667","667",7,1,0,3,3,34,-1.7388007423545
"668","668",8,1,0,3,3,34,0.288156028146055
"669","669",9,1,0,3,3,34,-0.328719347749421
"670","670",10,1,0,3,3,34,1.78975235927918
"671","671",11,1,0,3,3,34,-1.55770759930148
"672","672",12,1,0,3,3,34,0.781688064092333
"673","673",13,1,0,3,3,34,-0.927368361608178
"674","674",14,1,0,3,3,34,-1.85662801131076
"675","675",15,1,0,3,3,34,0.172967370493168
"676","676",16,1,0,3,3,34,-1.83337770467221
"677","677",17,1,0,3,3,34,-1.4551850185265
"678","678",18,1,0,3,3,34,-1.13311187742195
"679","679",19,1,0,3,3,34,-0.189092735748702
"680","680",20,1,0,3,3,34,-1.39892072706101
"681","681",1,0,1,3,3,35,1.07785032320562
"682","682",2,0,1,3,3,35,-1.19897438250787
"683","683",3,0,1,3,3,35,0.216637035184711
"684","684",4,0,1,3,3,35,0.143087029788927
"685","685",5,0,1,3,3,35,-1.06575009105298
"686","686",6,0,1,3,3,35,-0.428623410701779
"687","687",7,0,1,3,3,35,-0.656179476771346
"688","688",8,0,1,3,3,35,0.959394326857613
"689","689",9,0,1,3,3,35,1.55605263610222
"690","690",10,0,1,3,3,35,-1.04079643378825
"691","691",11,0,1,3,3,35,0.930572408540247
"692","692",12,0,1,3,3,35,-0.0754459310121911
"693","693",13,0,1,3,3,35,-1.96719534905096
"694","694",14,0,1,3,3,35,-0.755903642645193
"695","695",15,0,1,3,3,35,0.461149160506762
"696","696",16,0,1,3,3,35,0.145106631047872
"697","697",17,0,1,3,3,35,-2.44231132108142
"698","698",18,0,1,3,3,35,0.580318685451573
"699","699",19,0,1,3,3,35,0.655051998486745
"700","700",20,0,1,3,3,35,-0.304508837259419
"701","701",1,1,1,3,3,36,-0.907568232617297
"702","702",2,1,1,3,3,36,1.77157201447823
"703","703",3,1,1,3,3,36,-0.289998680647749
"704","704",4,1,1,3,3,36,-0.214017251931924
"705","705",5,1,1,3,3,36,-1.32345693711015
"706","706",6,1,1,3,3,36,-1.54413012337621
"707","707",7,1,1,3,3,36,-1.72315577106209
"708","708",8,1,1,3,3,36,-0.621968210382174
"709","709",9,1,1,3,3,36,1.16092446408098
"710","710",10,1,1,3,3,36,1.55379484533487
"711","711",11,1,1,3,3,36,1.36836473435279
"712","712",12,1,1,3,3,36,1.09675556994775
"713","713",13,1,1,3,3,36,-0.437596251443612
"714","714",14,1,1,3,3,36,-1.42415013568071
"715","715",15,1,1,3,3,36,-0.527812680140072
"716","716",16,1,1,3,3,36,-2.61245027627225
"717","717",17,1,1,3,3,36,-0.51379287344339
"718","718",18,1,1,3,3,36,1.45987870464572
"719","719",19,1,1,3,3,36,-0.0690468993924832
"720","720",20,1,1,3,3,36,0.895888682689585
"721","721",1,0,0,1,4,37,0.289340956943913
"722","722",2,0,0,1,4,37,-0.978910295448653
"723","723",3,0,0,1,4,37,1.54355935292935
"724","724",4,0,0,1,4,37,-0.278387285331066
"725","725",5,0,0,1,4,37,-1.17555379252255
"726","726",6,0,0,1,4,37,-0.129340175261431
"727","727",7,0,0,1,4,37,-1.7185995288232
"728","728",8,0,0,1,4,37,0.663779032791318
"729","729",9,0,0,1,4,37,0.301568385364368
"730","730",10,0,0,1,4,37,-0.554781329646987
"731","731",11,0,0,1,4,37,-0.68842888759119
"732","732",12,0,0,1,4,37,0.736293947292698
"733","733",13,0,0,1,4,37,-1.26240838642214
"734","734",14,0,0,1,4,37,-1.18382087170439
"735","735",15,0,0,1,4,37,0.224247877020078
"736","736",16,0,0,1,4,37,-0.651313480552634
"737","737",17,0,0,1,4,37,0.725084796723901
"738","738",18,0,0,1,4,37,-0.398620809812313
"739","739",19,0,0,1,4,37,0.994851016900397
"740","740",20,0,0,1,4,37,0.295544705180151
"741","741",1,1,0,1,4,38,-2.64515257409297
"742","742",2,1,0,1,4,38,-1.73537136041822
"743","743",3,1,0,1,4,38,0.882775206177694
"744","744",4,1,0,1,4,38,0.290795904173712
"745","745",5,1,0,1,4,38,-1.36706266785831
"746","746",6,1,0,1,4,38,-1.74579368502011
"747","747",7,1,0,1,4,38,0.633665389315731
"748","748",8,1,0,1,4,38,-1.21177645966305
"749","749",9,1,0,1,4,38,1.40172547861817
"750","750",10,1,0,1,4,38,1.37154196037941
"751","751",11,1,0,1,4,38,-1.85469136980239
"752","752",12,1,0,1,4,38,-1.24565431257564
"753","753",13,1,0,1,4,38,-1.65047965932418
"754","754",14,1,0,1,4,38,0.267288067904176
"755","755",15,1,0,1,4,38,-1.69076968763763
"756","756",16,1,0,1,4,38,-2.43500353846891
"757","757",17,1,0,1,4,38,1.62134699449252
"758","758",18,1,0,1,4,38,0.605973487612171
"759","759",19,1,0,1,4,38,0.417123601225002
"760","760",20,1,0,1,4,38,-1.06398828357724
"761","761",1,0,1,1,4,39,-0.0112812312503971
"762","762",2,0,1,1,4,39,0.619677256209794
"763","763",3,0,1,1,4,39,-1.2812387419642
"764","764",4,0,1,1,4,39,-0.124261326376048
"765","765",5,0,1,1,4,39,0.175741654501771
"766","766",6,0,1,1,4,39,1.69277379447271
"767","767",7,0,1,1,4,39,0.642132717206933
"768","768",8,0,1,1,4,39,1.28223303234921
"769","769",9,0,1,1,4,39,0.140546973547383
"770","770",10,0,1,1,4,39,-1.11250268318057
"771","771",11,0,1,1,4,39,-0.339676971961898
"772","772",12,0,1,1,4,39,-1.66476463926247
"773","773",13,0,1,1,4,39,0.928851761720271
"774","774",14,0,1,1,4,39,1.41682683471578
"775","775",15,0,1,1,4,39,-0.0627207776270142
"776","776",16,0,1,1,4,39,-0.980902336097871
"777","777",17,0,1,1,4,39,1.08715025123701
"778","778",18,0,1,1,4,39,0.139327026560686
"779","779",19,0,1,1,4,39,-0.386272097673785
"780","780",20,0,1,1,4,39,1.12358542318002
"781","781",1,1,1,1,4,40,-0.959845657357594
"782","782",2,1,1,1,4,40,0.948959103229035
"783","783",3,1,1,1,4,40,-1.04247625893675
"784","784",4,1,1,1,4,40,0.191413340392769
"785","785",5,1,1,1,4,40,0.691377242318638
"786","786",6,1,1,1,4,40,-1.53525871255432
"787","787",7,1,1,1,4,40,0.198123477834933
"788","788",8,1,1,1,4,40,-0.311586802948826
"789","789",9,1,1,1,4,40,0.475743916642286
"790","790",10,1,1,1,4,40,-0.988597935379218
"791","791",11,1,1,1,4,40,-0.286986334057494
"792","792",12,1,1,1,4,40,1.18228400775579
"793","793",13,1,1,1,4,40,-0.0315098361919743
"794","794",14,1,1,1,4,40,0.623190948275118
"795","795",15,1,1,1,4,40,-0.420894597616442
"796","796",16,1,1,1,4,40,-1.22939165471471
"797","797",17,1,1,1,4,40,-0.210925690847129
"798","798",18,1,1,1,4,40,-1.42499115544077
"799","799",19,1,1,1,4,40,-2.79611138844997
"800","800",20,1,1,1,4,40,0.969122591991486
"801","801",1,0,0,2,4,41,-1.28690881697743
"802","802",2,0,0,2,4,41,-2.02608301264641
"803","803",3,0,0,2,4,41,0.795281807292566
"804","804",4,0,0,2,4,41,-0.211861781430739
"805","805",5,0,0,2,4,41,-0.799628394751609
"806","806",6,0,0,2,4,41,-0.377947986602105
"807","807",7,0,0,2,4,41,-0.625981341802302
"808","808",8,0,0,2,4,41,0.79665877645507
"809","809",9,0,0,2,4,41,0.527660708501531
"810","810",10,0,0,2,4,41,-1.92663059586351
"811","811",11,0,0,2,4,41,0.15339849564175
"812","812",12,0,0,2,4,41,0.526813665899557
"813","813",13,0,0,2,4,41,0.468260975976705
"814","814",14,0,0,2,4,41,-2.62431730928421
"815","815",15,0,0,2,4,41,-0.435357425015276
"816","816",16,0,0,2,4,41,1.77963332091796
"817","817",17,0,0,2,4,41,0.596794538639531
"818","818",18,0,0,2,4,41,-1.90927618064586
"819","819",19,0,0,2,4,41,-1.86366871188344
"820","820",20,0,0,2,4,41,0.29110955231555
"821","821",1,1,0,2,4,42,-0.574055485572285
"822","822",2,1,0,2,4,42,0.561290563877483
"823","823",3,1,0,2,4,42,-0.106173338322693
"824","824",4,1,0,2,4,42,-0.319000636490829
"825","825",5,1,0,2,4,42,-0.216338157200719
"826","826",6,1,0,2,4,42,-0.23374496460867
"827","827",7,1,0,2,4,42,-1.66959906621425
"828","828",8,1,0,2,4,42,1.94949332061946
"829","829",9,1,0,2,4,42,-1.81200540742533
"830","830",10,1,0,2,4,42,-0.416961492782239
"831","831",11,1,0,2,4,42,-0.944319352621665
"832","832",12,1,0,2,4,42,1.40011233335541
"833","833",13,1,0,2,4,42,0.611440176179231
"834","834",14,1,0,2,4,42,-0.963716555906629
"835","835",15,1,0,2,4,42,-0.194579204624977
"836","836",16,1,0,2,4,42,0.765461950198747
"837","837",17,1,0,2,4,42,1.8363228395069
"838","838",18,1,0,2,4,42,-0.0977349238311477
"839","839",19,1,0,2,4,42,-1.44250660223103
"840","840",20,1,0,2,4,42,-1.38354231349581
"841","841",1,0,1,2,4,43,2.00571858043419
"842","842",2,0,1,2,4,43,-2.07057148385748
"843","843",3,0,1,2,4,43,3.05574236888186
"844","844",4,0,1,2,4,43,-0.2613505940873
"845","845",5,0,1,2,4,43,-0.45439325911372
"846","846",6,0,1,2,4,43,0.157560555463951
"847","847",7,0,1,2,4,43,0.933388727865257
"848","848",8,0,1,2,4,43,0.302828275834352
"849","849",9,0,1,2,4,43,-1.95615022247248
"850","850",10,0,1,2,4,43,0.353536709469366
"851","851",11,0,1,2,4,43,0.450424513742423
"852","852",12,0,1,2,4,43,0.659550870534498
"853","853",13,0,1,2,4,43,-1.03142072760739
"854","854",14,0,1,2,4,43,-2.37102288136148
"855","855",15,0,1,2,4,43,-0.324576307824521
"856","856",16,0,1,2,4,43,-0.94429875090974
"857","857",17,0,1,2,4,43,-0.765889998443101
"858","858",18,0,1,2,4,43,-0.953779266719918
"859","859",19,0,1,2,4,43,-0.398004449854522
"860","860",20,0,1,2,4,43,-0.311217062923606
"861","861",1,1,1,2,4,44,0.596092713239834
"862","862",2,1,1,2,4,44,0.78642834387578
"863","863",3,1,1,2,4,44,-0.994531662417426
"864","864",4,1,1,2,4,44,-0.508817971515212
"865","865",5,1,1,2,4,44,0.161444766025588
"866","866",6,1,1,2,4,44,1.19879110483802
"867","867",7,1,1,2,4,44,-0.256070419642401
"868","868",8,1,1,2,4,44,-1.89887349155411
"869","869",9,1,1,2,4,44,0.031852545141301
"870","870",10,1,1,2,4,44,-0.319090670970556
"871","871",11,1,1,2,4,44,1.57249285346043
"872","872",12,1,1,2,4,44,0.143422165443603
"873","873",13,1,1,2,4,44,-0.823049782354728
"874","874",14,1,1,2,4,44,-0.639522293828527
"875","875",15,1,1,2,4,44,-0.70529678954548
"876","876",16,1,1,2,4,44,-0.0139648628425255
"877","877",17,1,1,2,4,44,-0.0235822024005231
"878","878",18,1,1,2,4,44,0.715848206824781
"879","879",19,1,1,2,4,44,0.120176726180939
"880","880",20,1,1,2,4,44,-0.56668729712132
"881","881",1,0,0,3,4,45,-1.14061129517974
"882","882",2,0,0,3,4,45,0.434702931419534
"883","883",3,0,0,3,4,45,-0.262488482328331
"884","884",4,0,0,3,4,45,-0.0171621323082088
"885","885",5,0,0,3,4,45,0.903641018422815
"886","886",6,0,0,3,4,45,1.55203561864876
"887","887",7,0,0,3,4,45,-1.15381646013555
"888","888",8,0,0,3,4,45,1.44408045682029
"889","889",9,0,0,3,4,45,-1.06673352945092
"890","890",10,0,0,3,4,45,0.0663521921947649
"891","891",11,0,0,3,4,45,0.0223704948553635
"892","892",12,0,0,3,4,45,-0.476908509892329
"893","893",13,0,0,3,4,45,1.19425304101804
"894","894",14,0,0,3,4,45,-0.858911999778006
"895","895",15,0,0,3,4,45,0.460531280513291
"896","896",16,0,0,3,4,45,-0.213255700143298
"897","897",17,0,0,3,4,45,-1.13148029873084
"898","898",18,0,0,3,4,45,1.01468914346638
"899","899",19,0,0,3,4,45,-2.28834036550883
"900","900",20,0,0,3,4,45,-0.726152469412621
"901","901",1,1,0,3,4,46,-1.94140256690726
"902","902",2,1,0,3,4,46,-0.205678930098731
"903","903",3,1,0,3,4,46,-0.135577450559016
"904","904",4,1,0,3,4,46,-1.51873516870975
"905","905",5,1,0,3,4,46,0.250952956147074
"906","906",6,1,0,3,4,46,-1.432900238582
"907","907",7,1,0,3,4,46,0.259201499417982
"908","908",8,1,0,3,4,46,-0.162170600372286
"909","909",9,1,0,3,4,46,0.31527594710452
"910","910",10,1,0,3,4,46,-1.33848303919385
"911","911",11,1,0,3,4,46,-0.304645990321896
"912","912",12,1,0,3,4,46,-0.862819419956343
"913","913",13,1,0,3,4,46,-1.86888215609456
"914","914",14,1,0,3,4,46,-0.247313494478472
"915","915",15,1,0,3,4,46,1.37376261131718
"916","916",16,1,0,3,4,46,-1.04807093351505
"917","917",17,1,0,3,4,46,-0.599817475668204
"918","918",18,1,0,3,4,46,0.289243732977183
"919","919",19,1,0,3,4,46,-0.363854490163405
"920","920",20,1,0,3,4,46,1.54353631225286
"921","921",1,0,1,3,4,47,0.737213733789873
"922","922",2,0,1,3,4,47,2.32133393302204
"923","923",3,0,1,3,4,47,0.34890934629397
"924","924",4,0,1,3,4,47,-1.13391666127592
"925","925",5,0,1,3,4,47,0.421335267904323
"926","926",6,0,1,3,4,47,-0.924556256814186
"927","927",7,0,1,3,4,47,-1.00706236611934
"928","928",8,0,1,3,4,47,-0.189474330103611
"929","929",9,0,1,3,4,47,0.9339167001786
"930","930",10,0,1,3,4,47,0.343909999577983
"931","931",11,0,1,3,4,47,0.814020276463554
"932","932",12,0,1,3,4,47,0.915341002280603
"933","933",13,0,1,3,4,47,-0.171852130422256
"934","934",14,0,1,3,4,47,-2.40223111360906
"935","935",15,0,1,3,4,47,0.795906851730836
"936","936",16,0,1,3,4,47,2.16911586935979
"937","937",17,0,1,3,4,47,0.0583834994596872
"938","938",18,0,1,3,4,47,-1.35491444952768
"939","939",19,0,1,3,4,47,-0.36755076555405
"940","940",20,0,1,3,4,47,-0.934517579155246
"941","941",1,1,1,3,4,48,-0.241639220071616
"942","942",2,1,1,3,4,48,0.47611200555664
"943","943",3,1,1,3,4,48,0.66643614680554
"944","944",4,1,1,3,4,48,0.0351750248133128
"945","945",5,1,1,3,4,48,-1.13397013327643
"946","946",6,1,1,3,4,48,0.613252167281602
"947","947",7,1,1,3,4,48,1.14831855513005
"948","948",8,1,1,3,4,48,2.05188277593107
"949","949",9,1,1,3,4,48,-0.693652434465923
"950","950",10,1,1,3,4,48,0.274092599152496
"951","951",11,1,1,3,4,48,0.993691666114091
"952","952",12,1,1,3,4,48,-0.316395471522116
"953","953",13,1,1,3,4,48,0.324858555768479
"954","954",14,1,1,3,4,48,0.0144214812784228
"955","955",15,1,1,3,4,48,-0.334449534536861
"956","956",16,1,1,3,4,48,-0.0314908971249662
"957","957",17,1,1,3,4,48,0.764732769529999
"958","958",18,1,1,3,4,48,0.208778914004396
"959","959",19,1,1,3,4,48,-0.666438215174507
"960","960",20,1,1,3,4,48,-2.43978297582177
